uid,model,split,domain,task,label,logit
bridge:9:217,qwen3b-zeroshot,cal,bridge,numpy_256_bridge_data_v1_berkeley_toykitchen2_put_pear_in_bowl_cardboardfence_train,1,-0.375
bridge:79:522,qwen3b-zeroshot,cal,bridge,numpy_256_bridge_data_v1_berkeley_toykitchen2_put_pear_in_bowl_cardboardfence_train,1,-0.125
bridge:71:646,qwen3b-zeroshot,cal,bridge,numpy_256_bridge_data_v1_berkeley_toykitchen2_put_pear_in_bowl_cardboardfence_train,1,0.25
bridge:72:834,qwen3b-zeroshot,cal,bridge,numpy_256_bridge_data_v1_berkeley_toykitchen2_put_pear_in_bowl_cardboardfence_train,1,0.25
bridge:51:933,qwen3b-zeroshot,cal,bridge,numpy_256_bridge_data_v1_berkeley_toykitchen2_put_pear_in_bowl_cardboardfence_train,1,0.0
bridge:29:974,qwen3b-zeroshot,cal,bridge,numpy_256_bridge_data_v1_berkeley_toykitchen2_put_pear_in_bowl_cardboardfence_train,1,0.5
bridge:85:1181,qwen3b-zeroshot,cal,bridge,numpy_256_bridge_data_v1_berkeley_toykitchen2_put_pear_in_bowl_cardboardfence_train,1,-0.5
bridge:37:1222,qwen3b-zeroshot,cal,bridge,numpy_256_bridge_data_v1_berkeley_toykitchen2_put_pear_in_bowl_cardboardfence_train,1,0.25
bridge:4:1416,qwen3b-zeroshot,cal,bridge,numpy_256_bridge_data_v1_berkeley_toykitchen2_put_pear_in_bowl_cardboardfence_train,1,0.25
bridge:68:1435,qwen3b-zeroshot,cal,bridge,numpy_256_bridge_data_v1_berkeley_toykitchen2_put_pear_in_bowl_cardboardfence_train,1,0.125
bridge:68:1444,qwen3b-zeroshot,cal,bridge,numpy_256_bridge_data_v1_berkeley_toykitchen2_put_pear_in_bowl_cardboardfence_train,1,0.125
bridge:4:1460,qwen3b-zeroshot,cal,bridge,numpy_256_bridge_data_v1_berkeley_toykitchen2_put_pear_in_bowl_cardboardfence_train,1,-0.375
bridge:68:1641,qwen3b-zeroshot,cal,bridge,numpy_256_bridge_data_v1_berkeley_toykitchen2_put_pear_in_bowl_cardboardfence_train,1,-0.75
bridge:68:1669,qwen3b-zeroshot,cal,bridge,numpy_256_bridge_data_v1_berkeley_toykitchen2_put_pear_in_bowl_cardboardfence_train,1,-0.75
bridge:63:1772,qwen3b-zeroshot,cal,bridge,numpy_256_bridge_data_v1_berkeley_toykitchen2_put_pear_in_bowl_cardboardfence_train,1,-0.625
bridge:81:1774,qwen3b-zeroshot,cal,bridge,numpy_256_bridge_data_v1_berkeley_toykitchen2_put_pear_in_bowl_cardboardfence_train,1,0.125
bridge:37:1836,qwen3b-zeroshot,cal,bridge,numpy_256_bridge_data_v1_berkeley_toykitchen2_put_pear_in_bowl_cardboardfence_train,1,-0.125
bridge:81:2270,qwen3b-zeroshot,cal,bridge,numpy_256_bridge_data_v1_berkeley_toykitchen2_put_pear_in_bowl_cardboardfence_train,1,0.125
bridge:4:2582,qwen3b-zeroshot,cal,bridge,numpy_256_bridge_data_v1_berkeley_toykitchen2_put_pear_in_bowl_cardboardfence_train,1,-0.375
bridge:7:2643,qwen3b-zeroshot,cal,bridge,numpy_256_bridge_data_v1_berkeley_toykitchen2_put_pear_in_bowl_cardboardfence_train,1,0.25
bridge:7:2729,qwen3b-zeroshot,cal,bridge,numpy_256_bridge_data_v1_berkeley_toykitchen2_put_pear_in_bowl_cardboardfence_train,1,-0.25
bridge:4:3127,qwen3b-zeroshot,cal,bridge,numpy_256_bridge_data_v1_berkeley_toykitchen2_put_pear_in_bowl_cardboardfence_train,1,0.25
bridge:71:3329,qwen3b-zeroshot,cal,bridge,numpy_256_bridge_data_v1_berkeley_toykitchen2_put_pear_in_bowl_cardboardfence_train,1,0.25
bridge:50:3480,qwen3b-zeroshot,cal,bridge,numpy_256_bridge_data_v1_berkeley_toykitchen2_put_pear_in_bowl_cardboardfence_train,1,0.25
bridge:0:1027,qwen3b-zeroshot,test_id,bridge,numpy_256_bridge_data_v2_datacol2_robot_desk_fold_cloth_45_train,1,0.375
bridge:0:6201,qwen3b-zeroshot,test_id,bridge,numpy_256_bridge_data_v2_datacol2_robot_desk_fold_cloth_45_train,0,0.125
bridge:17:674,qwen3b-zeroshot,test_id,bridge,numpy_256_rss_toykitchen2_pnp_sweep_65_train,1,0.375
bridge:5:1846,qwen3b-zeroshot,test_id,bridge,numpy_256_rss_toykitchen2_pnp_sweep_65_train,1,0.375
bridge:6:1950,qwen3b-zeroshot,test_id,bridge,numpy_256_rss_toykitchen2_pnp_sweep_65_train,1,0.5
bridge:17:3625,qwen3b-zeroshot,test_id,bridge,numpy_256_rss_toykitchen2_pnp_sweep_65_train,1,0.125
bridge:6:4024,qwen3b-zeroshot,test_id,bridge,numpy_256_rss_toykitchen2_pnp_sweep_65_train,0,0.375
bridge:10:6124,qwen3b-zeroshot,test_id,bridge,numpy_256_rss_toykitchen2_pnp_sweep_65_train,0,0.25
bridge:6:6584,qwen3b-zeroshot,test_id,bridge,numpy_256_rss_toykitchen2_pnp_sweep_65_train,0,0.375
bridge:5:7110,qwen3b-zeroshot,test_id,bridge,numpy_256_rss_toykitchen2_pnp_sweep_65_train,0,0.375
bridge:13:441,qwen3b-zeroshot,test_id,bridge,numpy_256_bridge_data_v2_datacol2_laundry_machine_pnp_sweep_31_train,1,0.25
bridge:13:6385,qwen3b-zeroshot,test_id,bridge,numpy_256_bridge_data_v2_datacol2_laundry_machine_pnp_sweep_31_train,0,0.25
bridge:13:7697,qwen3b-zeroshot,test_id,bridge,numpy_256_bridge_data_v2_datacol2_laundry_machine_pnp_sweep_31_train,0,0.5
bridge:0:2188,qwen3b-zeroshot,test_id,bridge,numpy_256_rss_toykitchen2_pnp_push_sweep_13_train,1,0.625
bridge:0:3472,qwen3b-zeroshot,test_id,bridge,numpy_256_rss_toykitchen2_pnp_push_sweep_13_train,1,0.625
bridge:0:6842,qwen3b-zeroshot,test_id,bridge,numpy_256_rss_toykitchen2_pnp_push_sweep_13_train,0,0.375
bridge:3:723,qwen3b-zeroshot,test_id,bridge,numpy_256_bridge_data_v2_datacol2_robot_desk_fold_cloth_35_train,1,0.375
bridge:6:744,qwen3b-zeroshot,test_id,bridge,numpy_256_bridge_data_v2_datacol2_robot_desk_fold_cloth_35_train,1,0.625
bridge:14:759,qwen3b-zeroshot,test_id,bridge,numpy_256_bridge_data_v2_datacol2_robot_desk_fold_cloth_35_train,1,0.25
bridge:11:870,qwen3b-zeroshot,test_id,bridge,numpy_256_bridge_data_v2_datacol2_robot_desk_fold_cloth_35_train,1,0.125
bridge:3:2290,qwen3b-zeroshot,test_id,bridge,numpy_256_bridge_data_v2_datacol2_robot_desk_fold_cloth_35_train,1,0.375
bridge:9:2394,qwen3b-zeroshot,test_id,bridge,numpy_256_bridge_data_v2_datacol2_robot_desk_fold_cloth_35_train,1,0.375
bridge:0:3352,qwen3b-zeroshot,test_id,bridge,numpy_256_bridge_data_v2_datacol2_robot_desk_fold_cloth_35_train,1,0.375
bridge:6:3552,qwen3b-zeroshot,test_id,bridge,numpy_256_bridge_data_v2_datacol2_robot_desk_fold_cloth_35_train,1,0.375
ur5:0:127,qwen3b-zeroshot,cal_ood,ur5,real_put_carrot_in_plate+0,0,0.25
ur5:5:128,qwen3b-zeroshot,cal_ood,ur5,real_stack_cup+3,0,0.125
ur5:2:137,qwen3b-zeroshot,cal_ood,ur5,real_put_banana_in_plate+0,1,0.0
ur5:4:138,qwen3b-zeroshot,cal_ood,ur5,real_put_banana_in_plate+0,1,-0.375
ur5:173817680775:90,qwen3b-zeroshot,cal_ood,ur5,real_sport+0,1,0.0
ur5:173817680775:91,qwen3b-zeroshot,cal_ood,ur5,real_sport+0,0,0.125
ur5:173817657492:92,qwen3b-zeroshot,cal_ood,ur5,real_sport+0,1,0.375
ur5:0:1,qwen3b-zeroshot,cal_ood,ur5,real_put_food_in_box+0,0,-0.25
ur5:0:7,qwen3b-zeroshot,cal_ood,ur5,real_put_food_in_box+0,0,-0.25
ur5:0:8,qwen3b-zeroshot,cal_ood,ur5,real_put_food_in_box+0,1,-0.125
ur5:0:9,qwen3b-zeroshot,cal_ood,ur5,real_put_food_in_box+0,0,-0.125
ur5:0:10,qwen3b-zeroshot,cal_ood,ur5,real_put_food_in_box+0,1,0.0
ur5:0:11,qwen3b-zeroshot,cal_ood,ur5,real_put_food_in_box+0,0,-0.125
ur5:0:12,qwen3b-zeroshot,cal_ood,ur5,real_put_food_in_box+0,0,0.125
ur5:0:13,qwen3b-zeroshot,cal_ood,ur5,real_put_food_in_box+0,1,0.75
ur5:0:14,qwen3b-zeroshot,cal_ood,ur5,real_put_food_in_box+0,0,0.125
ur5:0:15,qwen3b-zeroshot,cal_ood,ur5,real_put_food_in_box+0,0,0.125
ur5:0:16,qwen3b-zeroshot,cal_ood,ur5,real_put_food_in_box+0,0,0.125
ur5:0:17,qwen3b-zeroshot,cal_ood,ur5,real_put_food_in_box+0,0,-0.125
ur5:0:18,qwen3b-zeroshot,cal_ood,ur5,real_put_food_in_box+0,0,-0.25
ur5:0:19,qwen3b-zeroshot,cal_ood,ur5,real_put_food_in_box+0,0,-0.375
ur5:0:20,qwen3b-zeroshot,cal_ood,ur5,real_put_food_in_box+0,1,-0.25
ur5:0:21,qwen3b-zeroshot,cal_ood,ur5,real_put_food_in_box+0,0,0.0
ur5:0:22,qwen3b-zeroshot,cal_ood,ur5,real_put_food_in_box+0,1,-1.0
ur5:173817592039:0,qwen3b-zeroshot,test_ood,ur5,real_pick_tool+0,0,-0.5
ur5:173817611377:2,qwen3b-zeroshot,test_ood,ur5,real_pick_tool+0,0,0.375
ur5:173817611377:3,qwen3b-zeroshot,test_ood,ur5,real_pick_tool+0,0,0.375
ur5:173817611377:4,qwen3b-zeroshot,test_ood,ur5,real_pick_tool+0,1,0.375
ur5:173817592039:5,qwen3b-zeroshot,test_ood,ur5,real_pick_tool+0,1,-1.125
ur5:173817592039:6,qwen3b-zeroshot,test_ood,ur5,real_pick_tool+0,0,0.0
ur5:7:6,qwen3b-zeroshot,test_ood,ur5,real_hang_mug+1,1,1.25
ur5:1:14,qwen3b-zeroshot,test_ood,ur5,real_hang_mug+1,1,1.0
ur5:2:16,qwen3b-zeroshot,test_ood,ur5,real_hang_mug+1,0,-0.25
ur5:11:28,qwen3b-zeroshot,test_ood,ur5,real_hang_mug+1,1,0.875
ur5:4:50,qwen3b-zeroshot,test_ood,ur5,real_hang_mug+1,0,0.375
ur5:8:51,qwen3b-zeroshot,test_ood,ur5,real_hang_mug+1,1,0.75
ur5:0:59,qwen3b-zeroshot,test_ood,ur5,real_hang_mug+1,0,0.25
ur5:3:61,qwen3b-zeroshot,test_ood,ur5,real_hang_mug+1,0,0.125
ur5:1:66,qwen3b-zeroshot,test_ood,ur5,real_hang_mug+1,0,0.0
ur5:9:68,qwen3b-zeroshot,test_ood,ur5,real_hang_mug+1,1,0.875
ur5:3:74,qwen3b-zeroshot,test_ood,ur5,real_hang_mug+1,0,0.0
ur5:4:85,qwen3b-zeroshot,test_ood,ur5,real_hang_mug+1,0,-0.125
ur5:17:87,qwen3b-zeroshot,test_ood,ur5,real_hang_mug+1,1,0.5
ur5:0:90,qwen3b-zeroshot,test_ood,ur5,real_hang_mug+1,1,-0.125
ur5:3:97,qwen3b-zeroshot,test_ood,ur5,real_hang_mug+1,1,0.0
ur5:14:99,qwen3b-zeroshot,test_ood,ur5,real_hang_mug+1,1,1.125
ur5:0:114,qwen3b-zeroshot,test_ood,ur5,real_hang_mug+1,1,0.75
ur5:2:117,qwen3b-zeroshot,test_ood,ur5,real_hang_mug+1,0,-0.125
